"","period.group","period","group","year","month","u","v"
"1","1993-01:1","1993-01",1,1993,1,-0.0393431900132944,0.0637515152904039
"2","1993-01:2","1993-01",2,1993,1,-0.0652136049868901,0.08376986812606
"3","1993-01:3","1993-01",3,1993,1,-0.0732648590051685,0.100372243672985
"4","1993-02:1","1993-02",1,1993,2,-0.0560704143684825,0.112717475074758
"5","1993-02:2","1993-02",2,1993,2,-0.0723250982162557,0.112562858215315
"6","1993-02:3","1993-02",3,1993,2,-0.0402628390140086,0.0797296440662045
"7","1993-03:1","1993-03",1,1993,3,-0.0348018829605205,0.0769946534429572
"8","1993-03:2","1993-03",2,1993,3,-0.0375155069322865,0.0716618572794298
"9","1993-03:3","1993-03",3,1993,3,-0.0352827958167438,0.0471181715015158
"10","1993-04:1","1993-04",1,1993,4,-0.0282889024423273,0.0433000784979262
"11","1993-04:2","1993-04",2,1993,4,-0.0212170563597268,0.0569609340062812
"12","1993-04:3","1993-04",3,1993,4,-0.0150526119224415,0.0426160037099001
"13","1993-05:1","1993-05",1,1993,5,-0.0149350233583442,0.00119487704470166
"14","1993-05:2","1993-05",2,1993,5,-0.00325249682334085,0.0114432124261931
"15","1993-05:3","1993-05",3,1993,5,-0.00642075177777036,0.0323020836389706
"16","1994-01:1","1994-01",1,1994,1,-0.0349671204412363,0.0810904460448386
"17","1994-01:2","1994-01",2,1994,1,-0.0317857912274423,0.0541843624040216
"18","1994-01:3","1994-01",3,1994,1,-0.0231901678174697,0.0465679728306538
"19","1994-02:1","1994-02",1,1994,2,-0.0346732381807434,0.0510037730982543
"20","1994-02:2","1994-02",2,1994,2,-0.0252039947441463,0.0222892423987769
"21","1994-02:3","1994-02",3,1994,2,-0.014028904208809,0.0305120756602564
"22","1994-03:1","1994-03",1,1994,3,-0.00225808774470453,0.040568977364096
"23","1994-03:2","1994-03",2,1994,3,-0.0128289017695235,0.0175990048997512
"24","1994-03:3","1994-03",3,1994,3,-0.0149662832760232,0.0229968163243974
"25","1994-04:1","1994-04",1,1994,4,0.000800426228078831,0.0165504192342461
"26","1994-04:2","1994-04",2,1994,4,0.00434762060044532,-0.00433011490974183
"27","1994-04:3","1994-04",3,1994,4,-0.000566877767981487,-0.00154507668274345
"28","1994-05:1","1994-05",1,1994,5,-0.0018253487821899,0.0170977658937557
"29","1994-05:2","1994-05",2,1994,5,0.0211281539006986,-0.00723428866564668
"30","1994-05:3","1994-05",3,1994,5,0.0124240298721113,-0.0247144765449645
"31","1995-01:1","1995-01",1,1995,1,-0.0531426187814094,0.146837098974909
"32","1995-01:2","1995-01",2,1995,1,-0.0690918939952338,0.109827280150752
"33","1995-01:3","1995-01",3,1995,1,-0.0566868954419724,0.0938492893639701
"34","1995-02:1","1995-02",1,1995,2,-0.0242167507253012,0.0723048371296947
"35","1995-02:2","1995-02",2,1995,2,-0.0452544214019005,0.0347420703786884
"36","1995-02:3","1995-02",3,1995,2,-0.0252700918539758,0.0355258305174184
"37","1995-03:1","1995-03",1,1995,3,-0.0299076679508846,0.0540207538477852
"38","1995-03:2","1995-03",2,1995,3,-0.027827916917573,0.0306433124411843
"39","1995-03:3","1995-03",3,1995,3,-0.011238367103468,0.0338900912734764
"40","1995-04:1","1995-04",1,1995,4,-0.000479814098461497,0.0263842248000753
"41","1995-04:2","1995-04",2,1995,4,0.03676727849768,-0.0160476451956155
"42","1995-04:3","1995-04",3,1995,4,0.015189636327738,-0.0244384818198663
"43","1995-05:1","1995-05",1,1995,5,0.0119709759195185,-0.0250192315229415
"44","1995-05:2","1995-05",2,1995,5,0.0293238182467425,-0.0357171063020187
"45","1995-05:3","1995-05",3,1995,5,0.00913340919263679,-0.043065040837973
"46","1996-01:1","1996-01",1,1996,1,-0.0419335592942179,0.0786890862653303
"47","1996-01:2","1996-01",2,1996,1,-0.0624953948057414,0.0696131416124663
"48","1996-01:3","1996-01",3,1996,1,-0.0561773764261651,0.061890828904298
"49","1996-02:1","1996-02",1,1996,2,-0.0327692418323901,0.0824306472358665
"50","1996-02:2","1996-02",2,1996,2,-0.0601914866433151,0.0854359722094682
"51","1996-02:3","1996-02",3,1996,2,-0.0559083332725802,0.0943593394360678
"52","1996-03:1","1996-03",1,1996,3,-0.0376247209734038,0.0512426216745869
"53","1996-03:2","1996-03",2,1996,3,-0.0535461385874186,0.0649286747624343
"54","1996-03:3","1996-03",3,1996,3,-0.0306593112650004,0.0412448184072426
"55","1996-04:1","1996-04",1,1996,4,-0.00599779967461558,0.0239432351578779
"56","1996-04:2","1996-04",2,1996,4,-0.0208388175191182,0.0549775498375893
"57","1996-04:3","1996-04",3,1996,4,-0.0261284149997171,0.0506777250500723
"58","1996-05:1","1996-05",1,1996,5,-0.00617466484175692,-0.0194279840524949
"59","1996-05:2","1996-05",2,1996,5,-0.0278817619203533,0.0316405625843122
"60","1996-05:3","1996-05",3,1996,5,-0.0219793460004523,0.00167460872803782
"61","1997-01:1","1997-01",1,1997,1,-0.056001374389191,0.120011992889813
"62","1997-01:2","1997-01",2,1997,1,-0.0385845731451032,0.0754387366379367
"63","1997-01:3","1997-01",3,1997,1,-0.0296828702608428,0.0700506711411898
"64","1997-02:1","1997-02",1,1997,2,-0.0427371180863544,0.111415650661595
"65","1997-02:2","1997-02",2,1997,2,-0.0280551619335934,0.0678675056365785
"66","1997-02:3","1997-02",3,1997,2,-0.0361850950666193,0.0619433524911006
"67","1997-03:1","1997-03",1,1997,3,-0.0401736749263237,0.0760186987436434
"68","1997-03:2","1997-03",2,1997,3,-0.0154135104061144,0.04944453698358
"69","1997-03:3","1997-03",3,1997,3,-0.0178770488171135,0.0413409450536751
"70","1997-04:1","1997-04",1,1997,4,-0.0397095216737126,0.0772636082733158
"71","1997-04:2","1997-04",2,1997,4,-0.0193591447060188,0.0472841042519033
"72","1997-04:3","1997-04",3,1997,4,0.0100708204945747,0.0053261369146163
"73","1997-05:1","1997-05",1,1997,5,-0.0285130501621079,0.04116684184638
"74","1997-05:2","1997-05",2,1997,5,-0.0155696584688715,0.0248886270008669
"75","1997-05:3","1997-05",3,1997,5,-0.00880925294813142,0.0118128397022198
"76","1998-01:1","1998-01",1,1998,1,-0.0649299573145206,0.145316170181725
"77","1998-01:2","1998-01",2,1998,1,-0.0520978634481215,0.0844531011788436
"78","1998-01:3","1998-01",3,1998,1,-0.0515839452710934,0.112711637389597
"79","1998-02:1","1998-02",1,1998,2,-0.0427616894987192,0.141019572321508
"80","1998-02:2","1998-02",2,1998,2,-0.0331810047190463,0.0813069778223901
"81","1998-02:3","1998-02",3,1998,2,-0.0393255277647013,0.0913369370795239
"82","1998-03:1","1998-03",1,1998,3,-0.00456330959445638,0.023909251276555
"83","1998-03:2","1998-03",2,1998,3,0.0209017708797768,-0.0114471863058669
"84","1998-03:3","1998-03",3,1998,3,-0.00649477000121024,0.0152706077869972
"85","1998-04:1","1998-04",1,1998,4,-0.00355782236484266,0.0201066535317948
"86","1998-04:2","1998-04",2,1998,4,0.00469938061235796,0.0148781014909826
"87","1998-04:3","1998-04",3,1998,4,0.0131233343062324,-0.0148246068108408
"88","1998-05:1","1998-05",1,1998,5,0.00243730819990056,-0.012336901333661
"89","1998-05:2","1998-05",2,1998,5,0.00144668403069414,-0.00600349247505012
"90","1998-05:3","1998-05",3,1998,5,0.0120911840906458,-0.0229405783328233
"91","1999-01:1","1999-01",1,1999,1,-0.0304513874089933,0.0583135329921946
"92","1999-01:2","1999-01",2,1999,1,-0.00909755498564322,0.0242667924999571
"93","1999-01:3","1999-01",3,1999,1,-0.0480950902808322,0.0644546547788567
"94","1999-02:1","1999-02",1,1999,2,-0.0548103527019109,0.138335238094784
"95","1999-02:2","1999-02",2,1999,2,-0.0392223760113671,0.0859316640037302
"96","1999-02:3","1999-02",3,1999,2,-0.0571679302618962,0.106427971647366
"97","1999-03:1","1999-03",1,1999,3,-0.0362985035781968,0.112883387539521
"98","1999-03:2","1999-03",2,1999,3,-0.070397289722067,0.0936994456405269
"99","1999-03:3","1999-03",3,1999,3,-0.0661079290702914,0.0860131903724921
"100","1999-04:1","1999-04",1,1999,4,-0.00554510930288584,0.0374826971462106
"101","1999-04:2","1999-04",2,1999,4,-0.00370371709980129,0.00184450609153075
"102","1999-04:3","1999-04",3,1999,4,-0.0310704974001067,0.0166601286597854
"103","1999-05:1","1999-05",1,1999,5,-0.000778382187625592,0.0271125230917134
"104","1999-05:2","1999-05",2,1999,5,0.0230368714578311,-0.0106730025013534
"105","1999-05:3","1999-05",3,1999,5,0.00047867254241433,-0.0157048174633644
"106","2000-01:1","2000-01",1,2000,1,-0.038861935226354,0.0829575747304443
"107","2000-01:2","2000-01",2,2000,1,0.00355650507707907,0.0334482284779201
"108","2000-01:3","2000-01",3,2000,1,-0.0496430054693445,0.0684094648741546
"109","2000-02:1","2000-02",1,2000,2,-0.0624854919352807,0.109979874343822
"110","2000-02:2","2000-02",2,2000,2,-0.0312427542931329,0.0652746487563391
"111","2000-02:3","2000-02",3,2000,2,-0.0507227857694882,0.0936518430572951
"112","2000-03:1","2000-03",1,2000,3,-0.0447938247091053,0.110879901815131
"113","2000-03:2","2000-03",2,2000,3,0.00762611324620414,0.03986354780187
"114","2000-03:3","2000-03",3,2000,3,-0.0149412807987455,0.044602388930758
"115","2000-04:1","2000-04",1,2000,4,-0.0239648582528293,0.0533853424547144
"116","2000-04:2","2000-04",2,2000,4,0.0246701068087578,-0.00122574208234059
"117","2000-04:3","2000-04",3,2000,4,0.00655456878277766,0.00546169625808615
"118","2000-05:1","2000-05",1,2000,5,-0.0306612483963644,0.045658734268314
"119","2000-05:2","2000-05",2,2000,5,-0.00172264152845384,0.0176400590483936
"120","2000-05:3","2000-05",3,2000,5,0.00181364580305121,-0.00967163325545654
"121","2001-01:1","2001-01",1,2001,1,-0.0265371997577278,0.119626983490769
"122","2001-01:2","2001-01",2,2001,1,-0.0531260356653115,0.102597880204591
"123","2001-01:3","2001-01",3,2001,1,-0.0379246803649,0.0823334058030256
"124","2001-02:1","2001-02",1,2001,2,-0.0117237762749254,0.0262501854572789
"125","2001-02:2","2001-02",2,2001,2,-0.0400560808641977,0.0467888970935423
"126","2001-02:3","2001-02",3,2001,2,-0.0457597866134945,0.0500891862994965
"127","2001-03:1","2001-03",1,2001,3,-0.00616763337692941,0.034660375726343
"128","2001-03:2","2001-03",2,2001,3,-0.00487562181831963,0.0265642906047085
"129","2001-03:3","2001-03",3,2001,3,-0.0165246102021064,0.0048257083797637
"130","2001-04:1","2001-04",1,2001,4,0.00473173858394878,0.0198632199281123
"131","2001-04:2","2001-04",2,2001,4,-0.00232160037940518,0.00397291709062736
"132","2001-04:3","2001-04",3,2001,4,0.00462051620176805,-0.0155580640122504
"133","2001-05:1","2001-05",1,2001,5,-0.00180239413146239,0.0366126344178293
"134","2001-05:2","2001-05",2,2001,5,0.0182022493066446,-0.00639896298070011
"135","2001-05:3","2001-05",3,2001,5,0.0171109461173298,-0.0225360570120646
"136","2002-01:1","2002-01",1,2002,1,-0.0480400645827592,0.115009300406286
"137","2002-01:2","2002-01",2,2002,1,-0.0431289305630324,0.0771613069503411
"138","2002-01:3","2002-01",3,2002,1,-0.0435300400842152,0.0585493410855153
"139","2002-02:1","2002-02",1,2002,2,-0.0252424784608693,0.0774478441539852
"140","2002-02:2","2002-02",2,2002,2,-0.00953801750231858,0.0467398687078352
"141","2002-02:3","2002-02",3,2002,2,-0.0287859814221097,0.0477099758364926
"142","2002-03:1","2002-03",1,2002,3,-0.039769769691917,0.0443908556009786
"143","2002-03:2","2002-03",2,2002,3,-0.0269636725961479,0.039630095271884
"144","2002-03:3","2002-03",3,2002,3,-0.0152829564137713,0.0070500296754058
"145","2002-04:1","2002-04",1,2002,4,-0.00753096442694001,-0.0232693078802916
"146","2002-04:2","2002-04",2,2002,4,-0.00185145635331988,-0.00532605025315848
"147","2002-04:3","2002-04",3,2002,4,0.0168741117442999,-0.0333891786656599
"148","2002-05:1","2002-05",1,2002,5,0.015717055769503,-0.0268030695269862
"149","2002-05:2","2002-05",2,2002,5,0.0258141537574985,-0.0180500919177817
"150","2002-05:3","2002-05",3,2002,5,0.0379838043944383,-0.0468680094487813
"151","2003-01:1","2003-01",1,2003,1,-0.0536772762123157,0.131188856829145
"152","2003-01:2","2003-01",2,2003,1,-0.0575728124205723,0.117902178648328
"153","2003-01:3","2003-01",3,2003,1,-0.0267060492281003,0.0865696399910085
"154","2003-02:1","2003-02",1,2003,2,0.00526385970457644,-0.011793033555591
"155","2003-02:2","2003-02",2,2003,2,-0.0119090195333358,0.00356866346718073
"156","2003-02:3","2003-02",3,2003,2,9.92850331051464e-05,-0.00810839536009442
"157","2003-03:1","2003-03",1,2003,3,-0.0104384397437534,0.00774882168173919
"158","2003-03:2","2003-03",2,2003,3,0.0159652325695582,0.0145174186012077
"159","2003-03:3","2003-03",3,2003,3,0.011317780682341,0.0110953320908678
"160","2003-04:1","2003-04",1,2003,4,-0.0141950501114557,0.0322047879707278
"161","2003-04:2","2003-04",2,2003,4,0.00571616176082495,0.00363050766334584
"162","2003-04:3","2003-04",3,2003,4,-0.00807262161718594,0.0142901042983428
"163","2003-05:1","2003-05",1,2003,5,-0.000472660431248992,0.0193449440496447
"164","2003-05:2","2003-05",2,2003,5,0.016868568719184,-0.0184071332276861
"165","2003-05:3","2003-05",3,2003,5,0.00881875083613867,-0.0207013327434987
"166","2004-01:1","2004-01",1,2004,1,-0.0659158911029005,0.127964293561851
"167","2004-01:2","2004-01",2,2004,1,-0.0655083282882129,0.106938966172963
"168","2004-01:3","2004-01",3,2004,1,-0.0591344560156225,0.103732089718146
"169","2004-02:1","2004-02",1,2004,2,-0.0249537228586551,0.0849458433310908
"170","2004-02:2","2004-02",2,2004,2,-0.0245372654271582,0.0696697103876258
"171","2004-02:3","2004-02",3,2004,2,-0.0394772700624001,0.0770361341848688
"172","2004-03:1","2004-03",1,2004,3,-0.00551645614918569,0.0226534246018268
"173","2004-03:2","2004-03",2,2004,3,0.0195510401541683,0.0062843924733546
"174","2004-03:3","2004-03",3,2004,3,-0.00316259795573316,0.0200860587687735
"175","2004-04:1","2004-04",1,2004,4,-0.0184955956141178,0.026768507017294
"176","2004-04:2","2004-04",2,2004,4,0.01582900240005,0.00431036323254206
"177","2004-04:3","2004-04",3,2004,4,0.00334875899469339,-0.00150630423508043
"178","2004-05:1","2004-05",1,2004,5,-0.00284575340788254,-0.0121416945643716
"179","2004-05:2","2004-05",2,2004,5,0.0323088364881506,-0.0488125359072529
"180","2004-05:3","2004-05",3,2004,5,0.0124307586355766,-0.0241961480436951
"181","2005-01:1","2005-01",1,2005,1,-0.0534577487533503,0.0753437034170426
"182","2005-01:2","2005-01",2,2005,1,-0.0621807280933667,0.0813417986119536
"183","2005-01:3","2005-01",3,2005,1,-0.0494382351552682,0.0888400308385257
"184","2005-02:1","2005-02",1,2005,2,-0.0282233597394329,0.0595013316519963
"185","2005-02:2","2005-02",2,2005,2,-0.0273553750171141,0.0601077656100318
"186","2005-02:3","2005-02",3,2005,2,-0.0391134047315087,0.0464885892930441
"187","2005-03:1","2005-03",1,2005,3,-0.030544007191906,0.057515497719213
"188","2005-03:2","2005-03",2,2005,3,-0.0198089480931937,0.0454005376189496
"189","2005-03:3","2005-03",3,2005,3,-0.0295333118098337,0.0452283398366748
"190","2005-04:1","2005-04",1,2005,4,-0.0165179765547276,0.0471983828633823
"191","2005-04:2","2005-04",2,2005,4,0.00188530625063518,0.00551125988086398
"192","2005-04:3","2005-04",3,2005,4,-0.0118427432655315,0.0201507273009431
"193","2005-05:1","2005-05",1,2005,5,-0.0147067268487709,0.0407045317467847
"194","2005-05:2","2005-05",2,2005,5,-0.0200861673916397,0.0263842218973561
"195","2005-05:3","2005-05",3,2005,5,-0.0177608149783811,0.0308554009357732
"196","2006-01:1","2006-01",1,2006,1,-0.0645145970794444,0.126317595002461
"197","2006-01:2","2006-01",2,2006,1,-0.0550467423084382,0.114911938845048
"198","2006-01:3","2006-01",3,2006,1,-0.0562496769548631,0.0769735030823532
"199","2006-02:1","2006-02",1,2006,2,-0.0425843090579826,0.0667199406304107
"200","2006-02:2","2006-02",2,2006,2,-0.0156517145508881,0.0441954002552705
"201","2006-02:3","2006-02",3,2006,2,-0.0580569952800305,0.0511251272430465
"202","2006-03:1","2006-03",1,2006,3,-0.0409954327119194,0.0603262640295237
"203","2006-03:2","2006-03",2,2006,3,-0.0152365480637724,0.0491925885746095
"204","2006-03:3","2006-03",3,2006,3,-0.0393573096873863,0.0652038861652882
"205","2006-04:1","2006-04",1,2006,4,-0.0148911045752713,0.0493790906149085
"206","2006-04:2","2006-04",2,2006,4,-0.00676729571507263,0.0300651013247326
"207","2006-04:3","2006-04",3,2006,4,-0.034321043255566,0.0479678453728347
"208","2006-05:1","2006-05",1,2006,5,0.0109354311792865,0.0126754369622327
"209","2006-05:2","2006-05",2,2006,5,0.0121776991714805,-0.0153186715408242
"210","2006-05:3","2006-05",3,2006,5,0.00827029634534117,-0.00971009568088202
"211","2007-01:1","2007-01",1,2007,1,-0.0211888628352409,0.0641846381087952
"212","2007-01:2","2007-01",2,2007,1,-0.0218428774507291,0.047233726511521
"213","2007-01:3","2007-01",3,2007,1,-0.0237201390934792,0.0435473473864628
"214","2007-02:1","2007-02",1,2007,2,-0.0390142590536069,0.0701981177469118
"215","2007-02:2","2007-02",2,2007,2,-0.0269058834309135,0.0593972502247913
"216","2007-02:3","2007-02",3,2007,2,-0.0269135929045725,0.0574967633327243
"217","2007-03:1","2007-03",1,2007,3,-0.00841522306769388,0.0609296654377584
"218","2007-03:2","2007-03",2,2007,3,-0.000401316030051704,0.020200924528375
"219","2007-03:3","2007-03",3,2007,3,-0.00965548399144403,0.0222721625570258
"220","2007-04:1","2007-04",1,2007,4,-0.00760358450782098,0.0656505001407169
"221","2007-04:2","2007-04",2,2007,4,0.00232156326302363,0.0118326887239371
"222","2007-04:3","2007-04",3,2007,4,-0.00260041276556872,0.0126806139051033
"223","2007-05:1","2007-05",1,2007,5,-0.00917152815769039,0.0417060465739652
"224","2007-05:2","2007-05",2,2007,5,0.000835783464191572,0.0109207192108133
"225","2007-05:3","2007-05",3,2007,5,0.0148927745800094,-0.0334198053347375
"226","2008-01:1","2008-01",1,2008,1,-0.0523896700196,0.112752927872943
"227","2008-01:2","2008-01",2,2008,1,-0.053335579705167,0.0718406741567773
"228","2008-01:3","2008-01",3,2008,1,-0.0314183621972062,0.0621281896060372
"229","2008-02:1","2008-02",1,2008,2,-0.0289383134017429,0.0997691275564282
"230","2008-02:2","2008-02",2,2008,2,-0.0297047461031552,0.0474084464776981
"231","2008-02:3","2008-02",3,2008,2,-0.021600666154372,0.0466562693156404
"232","2008-03:1","2008-03",1,2008,3,-0.0294307082661498,0.0711293852888928
"233","2008-03:2","2008-03",2,2008,3,-0.0239358728026211,0.0488481700957503
"234","2008-03:3","2008-03",3,2008,3,-0.00766056573698733,0.0216699965508716
"235","2008-04:1","2008-04",1,2008,4,-0.00769706926668637,0.0155894393024278
"236","2008-04:2","2008-04",2,2008,4,-0.0222318484376821,0.0313498199993233
"237","2008-04:3","2008-04",3,2008,4,0.000712198652340936,-0.00642900226599807
"238","2008-05:1","2008-05",1,2008,5,-0.00374347819909531,-0.00575930118273601
"239","2008-05:2","2008-05",2,2008,5,-0.0178285662083392,0.0331863964286728
"240","2008-05:3","2008-05",3,2008,5,0.0185691106495395,-0.0307722937972764
"241","2009-01:1","2009-01",1,2009,1,-0.023837556086392,0.0733906366791981
"242","2009-01:2","2009-01",2,2009,1,-0.009693383726647,0.0284448193065347
"243","2009-01:3","2009-01",3,2009,1,-0.0405163505560326,0.0530704816876337
"244","2009-02:1","2009-02",1,2009,2,-0.0314675605915438,0.0615179897725992
"245","2009-02:2","2009-02",2,2009,2,-0.0306482746492657,0.0428430784088193
"246","2009-02:3","2009-02",3,2009,2,-0.0445855944032942,0.0636924220060796
"247","2009-03:1","2009-03",1,2009,3,-0.0211669186290131,0.0612417336670505
"248","2009-03:2","2009-03",2,2009,3,-0.0196977796620125,0.0318265630263972
"249","2009-03:3","2009-03",3,2009,3,-0.021275717183981,0.0171071774358856
"250","2009-04:1","2009-04",1,2009,4,-0.0101445428205616,0.0179956257228952
"251","2009-04:2","2009-04",2,2009,4,-0.000395855677875659,-0.00304427868736343
"252","2009-04:3","2009-04",3,2009,4,0.0118409889910111,-0.0273907947992942
"253","2009-05:1","2009-05",1,2009,5,0.00441632159325363,-0.0017014751690717
"254","2009-05:2","2009-05",2,2009,5,0.00445328507105264,0.00674780987361369
"255","2009-05:3","2009-05",3,2009,5,0.0149285590381447,-0.0215178142749661
"256","2010-01:1","2010-01",1,2010,1,-0.0838261810228843,0.187863109789479
"257","2010-01:2","2010-01",2,2010,1,-0.087513826776827,0.159837250071072
"258","2010-01:3","2010-01",3,2010,1,-0.0843168905545,0.150292039592314
"259","2010-02:1","2010-02",1,2010,2,-0.0448772792559396,0.131627208128255
"260","2010-02:2","2010-02",2,2010,2,-0.0672786001179815,0.113498036047898
"261","2010-02:3","2010-02",3,2010,2,-0.0615038505228969,0.107961116091324
"262","2010-03:1","2010-03",1,2010,3,0.00757838952421268,0.0611618242097483
"263","2010-03:2","2010-03",2,2010,3,-0.0206359008010407,0.0563271027866929
"264","2010-03:3","2010-03",3,2010,3,-0.0102772091533752,0.0521936787865721
"265","2010-04:1","2010-04",1,2010,4,0.000912360583936975,0.0108235298783599
"266","2010-04:2","2010-04",2,2010,4,0.00717406677033494,0.00125160963434781
"267","2010-04:3","2010-04",3,2010,4,-0.0273325766464073,0.0167610045525997
"268","2010-05:1","2010-05",1,2010,5,0.0119840820608777,-0.019954188024304
"269","2010-05:2","2010-05",2,2010,5,0.0265947961512366,-0.0421772965239984
"270","2010-05:3","2010-05",3,2010,5,0.010746630881842,-0.018023307853463
"271","2011-01:1","2011-01",1,2011,1,-0.0535678067709097,0.0979747392441514
"272","2011-01:2","2011-01",2,2011,1,-0.0359959836574347,0.0818881221309446
"273","2011-01:3","2011-01",3,2011,1,-0.0677513996233011,0.083227759202839
"274","2011-02:1","2011-02",1,2011,2,-0.0299268757642412,0.0494576905781755
"275","2011-02:2","2011-02",2,2011,2,-0.0278313515519882,0.019312133664416
"276","2011-02:3","2011-02",3,2011,2,-0.0503069303154757,0.0584119105445772
"277","2011-03:1","2011-03",1,2011,3,-0.0510835617842626,0.087007361938725
"278","2011-03:2","2011-03",2,2011,3,-0.0359322350566222,0.0902621593840881
"279","2011-03:3","2011-03",3,2011,3,-0.0415790459339315,0.0846454264225359
"280","2011-04:1","2011-04",1,2011,4,-0.0176628441463298,0.0316440427410456
"281","2011-04:2","2011-04",2,2011,4,-0.0190032097732861,0.0262347411253022
"282","2011-04:3","2011-04",3,2011,4,-0.0275744180896503,0.0206187702975743
"283","2011-05:1","2011-05",1,2011,5,-0.00100614684948081,0.00653837845996047
"284","2011-05:2","2011-05",2,2011,5,-0.00831060188988993,0.0245321018525295
"285","2011-05:3","2011-05",3,2011,5,0.0031949719313219,-0.00417353364935968
"286","2012-01:1","2012-01",1,2012,1,-0.0576383749735326,0.128178437914727
"287","2012-01:2","2012-01",2,2012,1,-0.0335840986230988,0.0697945816362025
"288","2012-01:3","2012-01",3,2012,1,-0.0305952526115943,0.0632468778250722
"289","2012-02:1","2012-02",1,2012,2,-0.0524292795313391,0.133723378443334
"290","2012-02:2","2012-02",2,2012,2,-0.0450646692368378,0.0753566625980132
"291","2012-02:3","2012-02",3,2012,2,-0.0382994756118721,0.0560166999245355
"292","2012-03:1","2012-03",1,2012,3,-0.0284079603630032,0.0881719803397848
"293","2012-03:2","2012-03",2,2012,3,-0.0191806157735184,0.055846401061891
"294","2012-03:3","2012-03",3,2012,3,-0.0262292744733298,0.0552180102577849
"295","2012-04:1","2012-04",1,2012,4,-0.0432087462583534,0.100145095242446
"296","2012-04:2","2012-04",2,2012,4,-0.0432876046617698,0.0836724488020039
"297","2012-04:3","2012-04",3,2012,4,-0.0320599455696646,0.0543272680773091
"298","2012-05:1","2012-05",1,2012,5,-0.0252771657752336,0.0605326452108096
"299","2012-05:2","2012-05",2,2012,5,-0.00517660583822974,0.031447496867785
"300","2012-05:3","2012-05",3,2012,5,0.00384308692423631,-0.0158097741552257
"301","2013-01:1","2013-01",1,2013,1,-0.0291892458703586,0.085692474770285
"302","2013-01:2","2013-01",2,2013,1,-0.00739108934822817,0.029053518779456
"303","2013-01:3","2013-01",3,2013,1,-0.0347061758714021,0.0495758531600663
"304","2013-02:1","2013-02",1,2013,2,-0.00669954283027575,0.0360409220168063
"305","2013-02:2","2013-02",2,2013,2,0.0233106636077474,-0.0100631688011447
"306","2013-02:3","2013-02",3,2013,2,0.00262951523135627,0.00724376894982555
"307","2013-03:1","2013-03",1,2013,3,-0.0156325925768091,0.0241939298639184
"308","2013-03:2","2013-03",2,2013,3,0.00129669829685671,-0.000690022093473054
"309","2013-03:3","2013-03",3,2013,3,-0.000587489134838485,0.00977124071892358
"310","2013-04:1","2013-04",1,2013,4,-0.0094879738479023,0.015929903315637
"311","2013-04:2","2013-04",2,2013,4,-0.00282547531282556,-0.00163620917653415
"312","2013-04:3","2013-04",3,2013,4,0.00123704287926665,-0.0168496768184121
"313","2013-05:1","2013-05",1,2013,5,-0.00718257311369989,0.00495504627306108
"314","2013-05:2","2013-05",2,2013,5,0.00792340291618843,-0.00993867869762162
"315","2013-05:3","2013-05",3,2013,5,0.011773185424443,-0.0190261810974923
"316","2014-01:1","2014-01",1,2014,1,-0.0408045366992249,0.105397917306166
"317","2014-01:2","2014-01",2,2014,1,-0.00988951554058584,0.0409384379162218
"318","2014-01:3","2014-01",3,2014,1,-0.0248601983362371,0.0466295888958859
"319","2014-02:1","2014-02",1,2014,2,-0.0603157724458517,0.0985445418427566
"320","2014-02:2","2014-02",2,2014,2,-0.0269542644962353,0.0594386799712343
"321","2014-02:3","2014-02",3,2014,2,-0.0353564739449715,0.0727938979719614
"322","2014-03:1","2014-03",1,2014,3,-0.0453290378882182,0.0790942703005233
"323","2014-03:2","2014-03",2,2014,3,-0.00983078850628591,0.0544444813801897
"324","2014-03:3","2014-03",3,2014,3,-0.0265596845463157,0.038333872100014
"325","2014-04:1","2014-04",1,2014,4,-0.022132293623999,0.0519097627398254
"326","2014-04:2","2014-04",2,2014,4,-0.000456728034791008,0.0405914658997035
"327","2014-04:3","2014-04",3,2014,4,-0.0131450168735412,0.0199488515429072
"328","2014-05:1","2014-05",1,2014,5,-0.0306083503712095,0.0262216586793117
"329","2014-05:2","2014-05",2,2014,5,-0.0267278466442744,0.0513857235486211
"330","2014-05:3","2014-05",3,2014,5,-0.0239278614579625,0.0129966245141681
"331","2015-01:1","2015-01",1,2015,1,-0.0300791772217535,0.10903690331813
"332","2015-01:2","2015-01",2,2015,1,-0.0132050929427862,0.0428462381126407
"333","2015-01:3","2015-01",3,2015,1,-0.0258780030891667,0.0631095065116631
"334","2015-02:1","2015-02",1,2015,2,-0.0417055885924141,0.106552267740401
"335","2015-02:2","2015-02",2,2015,2,-0.0393964932610863,0.0375253245754762
"336","2015-02:3","2015-02",3,2015,2,-0.0319640696053175,0.0536835813253725
"337","2015-03:1","2015-03",1,2015,3,-0.00876243017781976,0.0473763135530901
"338","2015-03:2","2015-03",2,2015,3,0.0182444097981697,-0.0239391944744607
"339","2015-03:3","2015-03",3,2015,3,0.00294012452317683,0.00729282453926767
"340","2015-04:1","2015-04",1,2015,4,-0.0146628140311843,0.0633284654796303
"341","2015-04:2","2015-04",2,2015,4,0.027315905534321,-0.0205042993897271
"342","2015-04:3","2015-04",3,2015,4,0.0219908630317893,-0.0285679160260673
"343","2015-05:1","2015-05",1,2015,5,-0.0117908743487169,0.00543600163396584
"344","2015-05:2","2015-05",2,2015,5,0.0116230266571178,-0.045888616499723
"345","2015-05:3","2015-05",3,2015,5,0.0282208622814798,-0.0621386411311434
"346","2016-01:1","2016-01",1,2016,1,-0.068069828279693,0.170797616650716
"347","2016-01:2","2016-01",2,2016,1,-0.051655391618229,0.134561657846298
"348","2016-01:3","2016-01",3,2016,1,-0.0799483277206168,0.1205954753032
"349","2016-02:1","2016-02",1,2016,2,-0.0464946832501715,0.125264238330309
"350","2016-02:2","2016-02",2,2016,2,-0.0114330510706464,0.0739739795792822
"351","2016-02:3","2016-02",3,2016,2,-0.0510492049869238,0.0872375318196193
"352","2016-03:1","2016-03",1,2016,3,-0.0453397673527191,0.104377458432208
"353","2016-03:2","2016-03",2,2016,3,-0.0250377666556975,0.0474203892543744
"354","2016-03:3","2016-03",3,2016,3,-0.0479664080312217,0.0812856174617825
"355","2016-04:1","2016-04",1,2016,4,-0.00712281699752566,0.0471736282265802
"356","2016-04:2","2016-04",2,2016,4,0.0285444980395945,-0.029022721100268
"357","2016-04:3","2016-04",3,2016,4,0.0103718659017521,-0.0150619799766383
"358","2016-05:1","2016-05",1,2016,5,0.00921035975864581,-0.0136891105419546
"359","2016-05:2","2016-05",2,2016,5,0.0208872409513953,-0.0352340690076166
"360","2016-05:3","2016-05",3,2016,5,0.0260479907617728,-0.0730047725898347
"361","2017-01:1","2017-01",1,2017,1,-0.0454308554344394,0.0774776243280131
"362","2017-01:2","2017-01",2,2017,1,-0.0337387041495245,0.0632736748180841
"363","2017-01:3","2017-01",3,2017,1,-0.0730934163897028,0.112791654508734
"364","2017-02:1","2017-02",1,2017,2,-0.0515483778121401,0.0719392475402165
"365","2017-02:2","2017-02",2,2017,2,-0.0474394072523511,0.0529570951380317
"366","2017-02:3","2017-02",3,2017,2,-0.0797043082058239,0.097193636968646
"367","2017-03:1","2017-03",1,2017,3,-0.0208899973402771,0.0409180082768312
"368","2017-03:2","2017-03",2,2017,3,0.000521422022277276,0.0214662168526453
"369","2017-03:3","2017-03",3,2017,3,-0.044485565020951,0.0634928085112201
"370","2017-04:1","2017-04",1,2017,4,-0.00855154646629221,0.0294092822459516
"371","2017-04:2","2017-04",2,2017,4,-0.0130499208860147,0.0269928992472871
"372","2017-04:3","2017-04",3,2017,4,-0.0407729157750592,0.0729501057640981
"373","2017-05:1","2017-05",1,2017,5,0.0114398624444151,-0.0205155165115881
"374","2017-05:2","2017-05",2,2017,5,0.0195613479203705,-0.0199229391063444
"375","2017-05:3","2017-05",3,2017,5,-0.00187162714658476,-0.0134211436611366
"376","2018-01:1","2018-01",1,2018,1,-0.0582881932289489,0.129009908926101
"377","2018-01:2","2018-01",2,2018,1,-0.0247993578454684,0.0882042183582756
"378","2018-01:3","2018-01",3,2018,1,-0.0546491156733077,0.0913478081445941
"379","2018-02:1","2018-02",1,2018,2,-0.0341304057222254,0.0245191401161616
"380","2018-02:2","2018-02",2,2018,2,-0.0232691559444212,0.00401431564634768
"381","2018-02:3","2018-02",3,2018,2,-0.0395687011868425,0.0186141778441953
"382","2018-03:1","2018-03",1,2018,3,-0.0185276287197633,0.0280546332274741
"383","2018-03:2","2018-03",2,2018,3,-0.021518789648484,0.0275886548371933
"384","2018-03:3","2018-03",3,2018,3,-0.0432575805464801,0.0526939540297067
"385","2018-04:1","2018-04",1,2018,4,-0.0120710653078852,0.040513516968946
"386","2018-04:2","2018-04",2,2018,4,-0.0191642283782249,0.0185848562363057
"387","2018-04:3","2018-04",3,2018,4,-0.0182969720836427,0.0242711219486199
"388","2018-05:1","2018-05",1,2018,5,0.00427800955841412,0.0109740135955402
"389","2018-05:2","2018-05",2,2018,5,-0.00390406871541757,-0.00380082345814224
"390","2018-05:3","2018-05",3,2018,5,0.00505473682282821,-0.0283261987347059
"391","2019-01:1","2019-01",1,2019,1,-0.0660435020820794,0.116821971269039
"392","2019-01:2","2019-01",2,2019,1,-0.0485326076124402,0.0950100283802035
"393","2019-01:3","2019-01",3,2019,1,-0.0566003437176599,0.100876844192303
"394","2019-02:1","2019-02",1,2019,2,-0.0492902803608436,0.0629604167085045
"395","2019-02:2","2019-02",2,2019,2,-0.0333858977989662,0.00882542105454399
"396","2019-02:3","2019-02",3,2019,2,-0.0550290710406501,0.0444892995318172
"397","2019-03:1","2019-03",1,2019,3,-0.0146415139862332,0.0448970909954295
"398","2019-03:2","2019-03",2,2019,3,0.0117526205276401,0.0128400908185189
"399","2019-03:3","2019-03",3,2019,3,-0.00715133907533797,0.0156713079243544
"400","2019-04:1","2019-04",1,2019,4,-0.014572809510094,0.0453026839609433
"401","2019-04:2","2019-04",2,2019,4,-0.000993002020493661,0.00551770421524172
"402","2019-04:3","2019-04",3,2019,4,0.00504274586083185,-0.00694820215139795
"403","2019-05:1","2019-05",1,2019,5,-0.00119549251509655,-0.00351768289599574
"404","2019-05:2","2019-05",2,2019,5,0.000324455515418735,-0.0303683360902888
"405","2019-05:3","2019-05",3,2019,5,0.0183132263614307,-0.0507895816747057
"406","2020-01:1","2020-01",1,2020,1,-0.0539175097236274,0.101115997071902
"407","2020-01:2","2020-01",2,2020,1,-0.0440755762385268,0.0660908259943244
"408","2020-01:3","2020-01",3,2020,1,-0.0378247051454322,0.0734596933289058
"409","2020-02:1","2020-02",1,2020,2,-0.0148681336800973,0.0567537605876026
"410","2020-02:2","2020-02",2,2020,2,-0.0124175345820667,0.0247447943612743
"411","2020-02:3","2020-02",3,2020,2,-0.0219566906707525,0.012343538043136
"412","2020-03:1","2020-03",1,2020,3,-0.0185627666330589,0.0197853895665081
"413","2020-03:2","2020-03",2,2020,3,-0.014516925901178,0.00111732462164943
"414","2020-03:3","2020-03",3,2020,3,-0.000443557005340817,-0.00389443048039285
"415","2020-04:1","2020-04",1,2020,4,-0.00420861339555973,0.0144670351213963
"416","2020-04:2","2020-04",2,2020,4,0.00459577152404686,-0.00748849170864191
"417","2020-04:3","2020-04",3,2020,4,0.0195840989211389,-0.0270862525708091
"418","2020-05:1","2020-05",1,2020,5,-0.0128645084785153,0.0460235651872817
"419","2020-05:2","2020-05",2,2020,5,0.000465978101583626,0.0264985457834058
"420","2020-05:3","2020-05",3,2020,5,0.00830605302017475,-0.00701964229501619
"421","2021-01:1","2021-01",1,2021,1,-0.0537164622846572,0.145796476017438
"422","2021-01:2","2021-01",2,2021,1,-0.040982826530703,0.106127954958632
"423","2021-01:3","2021-01",3,2021,1,-0.0539831727479973,0.0901096376382221
"424","2021-02:1","2021-02",1,2021,2,-0.0192459191981674,0.0644567010993863
"425","2021-02:2","2021-02",2,2021,2,-0.0313354077857577,0.0280395525839832
"426","2021-02:3","2021-02",3,2021,2,-0.0265124739922733,0.017571219831033
"427","2021-03:1","2021-03",1,2021,3,-1.84074900916937e-06,0.0173077118011082
"428","2021-03:2","2021-03",2,2021,3,-0.00455132885215782,0.0088130679748525
"429","2021-03:3","2021-03",3,2021,3,-0.00155279240718675,0.0146126492648289
"430","2021-04:1","2021-04",1,2021,4,0.00567589473838626,-0.00660925959524719
"431","2021-04:2","2021-04",2,2021,4,0.0251423498374593,-0.0287251640293401
"432","2021-04:3","2021-04",3,2021,4,0.0274732356484374,-0.0404329496065114
"433","2021-05:1","2021-05",1,2021,5,-0.00945873968877158,0.0259002231232343
"434","2021-05:2","2021-05",2,2021,5,0.0132237376875478,-0.00826178964186251
"435","2021-05:3","2021-05",3,2021,5,0.0320966339798956,-0.0526068989220882
